old_url,new_url,reason,old_name,new_name,sku
"/product/yellow-carton-sealing-tape-2-x-110-yards-48mm-x-100m","https://keypak.tbkdev.com/product/yellow-carton-sealing-tape-2-x-110-yards-48mm-x-100m/","identical_urls","","","AA.21039.4"
"/product/white-carton-sealing-tape-2-x-110-yards-48mm-x-100m","https://keypak.tbkdev.com/product/white-carton-sealing-tape-2-x-110-yards-48mm-x-100m/","identical_urls","","","AA.21040.4"
"/product/red-carton-sealing-tape-2-x-110-yards-48mm-x-100m","https://keypak.tbkdev.com/product/red-carton-sealing-tape-2-x-110-yards-48mm-x-100m/","identical_urls","","","AA.21041.4"
"/product/blue-carton-sealing-tape-2-x-110-yards-48mm-x-100m","https://keypak.tbkdev.com/product/blue-carton-sealing-tape-2-x-110-yards-48mm-x-100m/","identical_urls","","","AA.21042.4"
"/product/orange-carton-sealing-tape-2-x-110-yards-48mm-x-100m","https://keypak.tbkdev.com/product/orange-carton-sealing-tape-2-x-110-yards-48mm-x-100m/","identical_urls","","","AA.21044.4"
"/product/green-carton-sealing-tape-2-x-110-yards-48mm-x-100m","https://keypak.tbkdev.com/product/green-carton-sealing-tape-2-x-110-yards-48mm-x-100m/","identical_urls","","","AA.21045.4"
"/product/e-tape-carton-sealing-tape-2-x-164-yards-48mm-x-150m","https://keypak.tbkdev.com/product/e-tape-carton-sealing-tape-2-x-164-yards-48mm-x-150m/","identical_urls","","","AA.72001.5"
"/product/e-tape-printed-tamper-proof-2-x-164-yards-48mm-x-150m","https://keypak.tbkdev.com/product/e-tape-printed-tamper-proof-2-x-164-yards-48mm-x-150m/","identical_urls","","","AA.72019.5"
"/product/e-tape-printed-fragile-handle-with-care-2-x-164-yards-48mm-x-150m","https://keypak.tbkdev.com/product/e-tape-printed-fragile-handle-with-care-2-x-164-yards-48mm-x-150m/","identical_urls","","","AA.72022.5"
"/product/e-tape-printed-packing-slip-enclosed-bilingual-2-x-164-yards-48mm-x-150m","https://keypak.tbkdev.com/product/e-tape-printed-packing-slip-enclosed-bilingual-2-x-164-yards-48mm-x-150m/","identical_urls","","","AA.72023.5"
"/product/e-tape-carton-sealing-tape-3-x-110-yards-72mm-x-100m","https://keypak.tbkdev.com/product/e-tape-carton-sealing-tape-3-x-110-yards-72mm-x-100m/","identical_urls","","","AA.73001.5"
"/product/e-tape-carton-sealing-tape-3-x-164-yards-72mm-x-150m","https://keypak.tbkdev.com/product/e-tape-carton-sealing-tape-3-x-164-yards-72mm-x-150m/","identical_urls","","","AA.73101.5"
"/product/e-tape-printed-tamper-proof-3-x-164-yards-72mm-x-150m","https://keypak.tbkdev.com/product/e-tape-printed-tamper-proof-3-x-164-yards-72mm-x-150m/","identical_urls","","","AA.73119.5"
"/product/e-tape-silver-carton-sealing-tape-2-x-164-yards-48mm-x-150m","https://keypak.tbkdev.com/product/e-tape-silver-carton-sealing-tape-2-x-164-yards-48mm-x-150m/","identical_urls","","","AA.74001.5"
"/product/e-tape-silver-carton-sealing-tape-3-x-110-yards-72mm-x-100m","https://keypak.tbkdev.com/product/e-tape-silver-carton-sealing-tape-3-x-110-yards-72mm-x-100m/","identical_urls","","","AA.74103.5"
"/product/acrylic-packing-tape-2-x-110-yards-48mm-x-100m","https://keypak.tbkdev.com/product/acrylic-packing-tape-2-x-110-yards-48mm-x-100m/","identical_urls","","","AA.82001.5"
"/product/acrylic-packing-tape-premium-2-x-110-yards-48mm-x-100m","https://keypak.tbkdev.com/product/acrylic-packing-tape-premium-2-x-110-yards-48mm-x-100m/","identical_urls","","","AA.82010.1"
"/product/acrylic-packing-tape-2-x-145-yards-48mm-x-132m","https://keypak.tbkdev.com/product/acrylic-packing-tape-2-x-145-yards-48mm-x-132m/","identical_urls","","","AA.82031.5"
"/product/acrylic-packing-tape-heavy-duty-2-x-110-yards-48mm-x-100m","https://keypak.tbkdev.com/product/acrylic-packing-tape-heavy-duty-2-x-110-yards-48mm-x-100m/","identical_urls","","","AA.82062.5"
"/product/acrylic-packing-tape-3-x-110-yards-72mm-x-100m","https://keypak.tbkdev.com/product/acrylic-packing-tape-3-x-110-yards-72mm-x-100m/","identical_urls","","","AA.83001.5"
"/product/acrylic-packing-tape-heavy-duty-3-x-110-yards-72mm-x-100m","https://keypak.tbkdev.com/product/acrylic-packing-tape-heavy-duty-3-x-110-yards-72mm-x-100m/","identical_urls","","","AA.83010.5"
"/product/acrylic-packing-tape-premium-3-x-110-yards-72mm-x-100m","https://keypak.tbkdev.com/product/acrylic-packing-tape-premium-3-x-110-yards-72mm-x-100m/","identical_urls","","","AA.83020.1"
"/product/2-e-tape-dispenser-no-silencer","https://keypak.tbkdev.com/product/2-e-tape-dispenser-no-silencer/","identical_urls","","","AE.22839.5"
"/product/mach-1-sonic-lpx-standard-pallet-wrapper","https://keypak.tbkdev.com/product/mach-1-sonic-lpx-standard-pallet-wrapper/","identical_urls","","","HM.22065.9"
"/product/3-deluxe-tape-dispenser","https://keypak.tbkdev.com/product/3-deluxe-tape-dispenser/","identical_urls","","","AE.35209.5"
"/product/copy-paper-8-5-x-11","https://keypak.tbkdev.com/product/copy-paper-8-5-x-11/","identical_urls","","","WS.22001.9"
"/product/copy-paper-8-5-x-14","https://keypak.tbkdev.com/product/copy-paper-8-5-x-14/","identical_urls","","","WS.22011.9"
"/product/copy-paper-11-x-17","https://keypak.tbkdev.com/product/copy-paper-11-x-17/","identical_urls","","","WS.22021.9"
"/product/letter-pad-5-pads-package","https://keypak.tbkdev.com/product/letter-pad-5-pads-package/","identical_urls","","","WS.22120.9"
"/product/legal-pad-5-pads-package","https://keypak.tbkdev.com/product/legal-pad-5-pads-package/","identical_urls","","","WS.22121.9"
"/product/letter-size-file-folders","https://keypak.tbkdev.com/product/letter-size-file-folders/","identical_urls","","","WS.30736.8"
"/product/poly-lined-cup-10oz","https://keypak.tbkdev.com/product/poly-lined-cup-10oz/","identical_urls","","","FS.41091.1"
"/product/steel-strap-cutter-1-1-4","https://keypak.tbkdev.com/product/steel-strap-cutter-1-1-4/","identical_urls","","","SX.52010.9"
"/product/heavy-duty-closed-overlap-seals-3-4","https://keypak.tbkdev.com/product/heavy-duty-closed-overlap-seals-3-4/","identical_urls","","","ST.41231.8"
"/product/hi-tensile-steel-strapping-1-1-4-x-0-031","https://keypak.tbkdev.com/product/hi-tensile-steel-strapping-1-1-4-x-0-031/","identical_urls","","","SS.73133.2"
"/product/hi-tensile-steel-strapping-3-4-x-0-031","https://keypak.tbkdev.com/product/hi-tensile-steel-strapping-3-4-x-0-031/","identical_urls","","","SS.43133.5"
"/product/hi-tensile-steel-strapping-3-4-x-0-025","https://keypak.tbkdev.com/product/hi-tensile-steel-strapping-3-4-x-0-025/","identical_urls","","","SS.42533.2"
"/product/hi-tensile-steel-strapping-3-4-x-0-023","https://keypak.tbkdev.com/product/hi-tensile-steel-strapping-3-4-x-0-023/","identical_urls","","","SS.42333.2"
"/product/steel-strapping-3-4-x-0-020","https://keypak.tbkdev.com/product/steel-strapping-3-4-x-0-020/","identical_urls","","","SS.42013.2"
"/product/steel-strapping-5-8-x-0-020","https://keypak.tbkdev.com/product/steel-strapping-5-8-x-0-020/","identical_urls","","","SS.32013.2"
"/product/steel-strapping-1-2-x-0-020","https://keypak.tbkdev.com/product/steel-strapping-1-2-x-0-020/","identical_urls","","","SS.22013.1"
"/product/tool-balancer-cart","https://keypak.tbkdev.com/product/tool-balancer-cart/","identical_urls","","","SP.54550.0"
"/product/cord-strapping-tensioner-3-4","https://keypak.tbkdev.com/product/cord-strapping-tensioner-3-4/","identical_urls","","","SP.51222.9"
"/product/double-loop-wire-buckles-1-2","https://keypak.tbkdev.com/product/double-loop-wire-buckles-1-2/","identical_urls","","","SK.80883.9"
"/product/snap-on-semi-open-seals-5-8","https://keypak.tbkdev.com/product/snap-on-semi-open-seals-5-8/","identical_urls","","","SK.70624.9"
"/product/poly-buckles-1-2","https://keypak.tbkdev.com/product/poly-buckles-1-2/","identical_urls","","","SK.40540.3"
"/product/wire-buckles-1-2","https://keypak.tbkdev.com/product/wire-buckles-1-2/","identical_urls","","","SK.30540.3"
"/product/frosty-grip-insulated-medium","https://keypak.tbkdev.com/product/frosty-grip-insulated-medium/","identical_urls","","","JS.11220.8"
"/product/frosty-grip-insulated-large","https://keypak.tbkdev.com/product/frosty-grip-insulated-large/","identical_urls","","","JS.11221.8"
"/product/380-nitrile-palm-coat-gloves-small","https://keypak.tbkdev.com/product/380-nitrile-palm-coat-gloves-small/","identical_urls","","","JS.11325.8"
"/product/380-nitrile-palm-coat-gloves-medium","https://keypak.tbkdev.com/product/380-nitrile-palm-coat-gloves-medium/","identical_urls","","","JS.11326.8"
"/product/380-nitrile-palm-coat-gloves-large","https://keypak.tbkdev.com/product/380-nitrile-palm-coat-gloves-large/","identical_urls","","","JS.11327.8"
"/product/flexsor-pu-palm-coated-nylon-glove-small","https://keypak.tbkdev.com/product/flexsor-pu-palm-coated-nylon-glove-small/","identical_urls","","","JS.11410.8"
"/product/flexsor-pu-palm-coated-nylon-glove-medium","https://keypak.tbkdev.com/product/flexsor-pu-palm-coated-nylon-glove-medium/","identical_urls","","","JS.11411.8"
"/product/hppe-nitrile-coated-cut-resistant-medium","https://keypak.tbkdev.com/product/hppe-nitrile-coated-cut-resistant-medium/","identical_urls","","","JS.11564.0"
"/product/hppe-nitrile-coated-cut-resistant-large","https://keypak.tbkdev.com/product/hppe-nitrile-coated-cut-resistant-large/","identical_urls","","","JS.11565.0"
"/product/lady-finger-nitrile-palm-small","https://keypak.tbkdev.com/product/lady-finger-nitrile-palm-small/","identical_urls","","","JS.11805.5"
"/product/premium-double-palm-fitters-large","https://keypak.tbkdev.com/product/premium-double-palm-fitters-large/","identical_urls","","","JS.14415.8"
"/product/polycotton-string-knit-double-dot-grip-gloves-small","https://keypak.tbkdev.com/product/polycotton-string-knit-double-dot-grip-gloves-small/","identical_urls","","","JS.15012.8"
"/product/polycotton-string-knit-double-dot-grip-gloves-medium","https://keypak.tbkdev.com/product/polycotton-string-knit-double-dot-grip-gloves-medium/","identical_urls","","","JS.15013.8"
"/product/polycotton-string-knit-double-dot-grip-gloves-large","https://keypak.tbkdev.com/product/polycotton-string-knit-double-dot-grip-gloves-large/","identical_urls","","","JS.15014.8"
"/product/palm-coated-cotton-lined-gloves-small","https://keypak.tbkdev.com/product/palm-coated-cotton-lined-gloves-small/","identical_urls","","","JS.15017.0"
"/product/palm-coated-cotton-lined-gloves-medium","https://keypak.tbkdev.com/product/palm-coated-cotton-lined-gloves-medium/","identical_urls","","","JS.15018.0"
"/product/palm-coated-cotton-lined-gloves-large","https://keypak.tbkdev.com/product/palm-coated-cotton-lined-gloves-large/","identical_urls","","","JS.15019.0"
"/product/string-knit-inspection-gloves-small","https://keypak.tbkdev.com/product/string-knit-inspection-gloves-small/","identical_urls","","","JS.15060.8"
"/product/string-knit-inspection-gloves-medium","https://keypak.tbkdev.com/product/string-knit-inspection-gloves-medium/","identical_urls","","","JS.15061.8"
"/product/string-knit-inspection-gloves-large","https://keypak.tbkdev.com/product/string-knit-inspection-gloves-large/","identical_urls","","","JS.15062.8"
"/product/bradley-faucet-mount-eyestation","https://keypak.tbkdev.com/product/bradley-faucet-mount-eyestation/","identical_urls","","","JS.36260.8"
"/product/back-support-large","https://keypak.tbkdev.com/product/back-support-large/","identical_urls","","","JS.64897.8"
"/product/back-support-medium","https://keypak.tbkdev.com/product/back-support-medium/","identical_urls","","","JS.64898.8"
"/product/polyester-safety-vest-csa-compliant-surveyor-medium","https://keypak.tbkdev.com/product/polyester-safety-vest-csa-compliant-surveyor-medium/","identical_urls","","","JS.65101.0"
"/product/polyester-safety-vest-csa-compliant-surveyor-large","https://keypak.tbkdev.com/product/polyester-safety-vest-csa-compliant-surveyor-large/","identical_urls","","","JS.65102.0"
"/product/vest-style-harness-medium-large","https://keypak.tbkdev.com/product/vest-style-harness-medium-large/","identical_urls","","","JS.65641.0"
"/product/cotton-canvas-apron-29-x-36","https://keypak.tbkdev.com/product/cotton-canvas-apron-29-x-36/","identical_urls","","","JS.66101.8"
"/product/polyurethane-lightweight-apron-35-x-48","https://keypak.tbkdev.com/product/polyurethane-lightweight-apron-35-x-48/","identical_urls","","","JS.66201.8"
"/product/deluxe-soft-knee-pads","https://keypak.tbkdev.com/product/deluxe-soft-knee-pads/","identical_urls","","","JS.63369.0"
"/product/cosmic-shoe-cover-universal","https://keypak.tbkdev.com/product/cosmic-shoe-cover-universal/","identical_urls","","","JS.76390.1"
"/product/lens-cleaner-473ml","https://keypak.tbkdev.com/product/lens-cleaner-473ml/","identical_urls","","","JS.36070.8"
"/product/certainty-flip-top-wall-mount-wipes-dispenser","https://keypak.tbkdev.com/product/certainty-flip-top-wall-mount-wipes-dispenser/","identical_urls","","","JA.57389.0"
"/product/snap-on-dust-mop-frame-5-x-36","https://keypak.tbkdev.com/product/snap-on-dust-mop-frame-5-x-36/","identical_urls","","","JA.92536.9"
"/product/heavy-duty-corn-broom","https://keypak.tbkdev.com/product/heavy-duty-corn-broom/","identical_urls","","","JA.95374.8"
"/product/oskar-angle-broom-dust-pan-combo","https://keypak.tbkdev.com/product/oskar-angle-broom-dust-pan-combo/","identical_urls","","","JA.95377.8"
"/product/grizzly-32qt-downpress-wringer-bucket-combo","https://keypak.tbkdev.com/product/grizzly-32qt-downpress-wringer-bucket-combo/","identical_urls","","","JA.96715.8"
"/product/plastic-lobby-dust-pan","https://keypak.tbkdev.com/product/plastic-lobby-dust-pan/","identical_urls","","","JA.96721.8"
"/product/carton-reducer-with-ruler","https://keypak.tbkdev.com/product/carton-reducer-with-ruler/","identical_urls","","","CA.90200.9"
"/product/single-face-corrugated-roll-6-x-250","https://keypak.tbkdev.com/product/single-face-corrugated-roll-6-x-250/","identical_urls","","","CR.06100.4"
"/product/single-face-corrugated-roll-12-x-250","https://keypak.tbkdev.com/product/single-face-corrugated-roll-12-x-250/","identical_urls","","","CR.12100.4"
"/product/single-face-corrugated-roll-18-x-250","https://keypak.tbkdev.com/product/single-face-corrugated-roll-18-x-250/","identical_urls","","","CR.18100.4"
"/product/single-face-corrugated-roll-24-x-250","https://keypak.tbkdev.com/product/single-face-corrugated-roll-24-x-250/","identical_urls","","","CR.24100.4"
"/product/single-face-corrugated-roll-30-x-250","https://keypak.tbkdev.com/product/single-face-corrugated-roll-30-x-250/","identical_urls","","","CR.30100.4"
"/product/single-face-corrugated-roll-36-x-250","https://keypak.tbkdev.com/product/single-face-corrugated-roll-36-x-250/","identical_urls","","","CR.36100.4"
"/product/single-face-corrugated-roll-48-x-250","https://keypak.tbkdev.com/product/single-face-corrugated-roll-48-x-250/","identical_urls","","","CR.48100.4"
"/product/single-face-corrugated-roll-60-x-250","https://keypak.tbkdev.com/product/single-face-corrugated-roll-60-x-250/","identical_urls","","","CR.60100.4"
"/product/single-face-corrugated-roll-72-x-250","https://keypak.tbkdev.com/product/single-face-corrugated-roll-72-x-250/","identical_urls","","","CR.72100.4"
"/product/laser-label-4-sheet-4-x-6","https://keypak.tbkdev.com/product/laser-label-4-sheet-4-x-6/","identical_urls","","","LL.00250.8"
"/product/laser-label-20-sheet-4-x-1","https://keypak.tbkdev.com/product/laser-label-20-sheet-4-x-1/","identical_urls","","","LL.44102.8"
"/product/inventory-label-2-x-4","https://keypak.tbkdev.com/product/inventory-label-2-x-4/","identical_urls","","","LM.00800.8"
"/product/do-not-double-stack-label-4-x-6","https://keypak.tbkdev.com/product/do-not-double-stack-label-4-x-6/","identical_urls","","","LM.16079.0"
"/product/counted-label-2-x-3","https://keypak.tbkdev.com/product/counted-label-2-x-3/","identical_urls","","","LM.19022.1"
"/product/class-5-1-oxidizer-label-4-x-4","https://keypak.tbkdev.com/product/class-5-1-oxidizer-label-4-x-4/","identical_urls","","","LM.25051.8"
"/product/class-5-2-organic-peroxides-label-4-x-4","https://keypak.tbkdev.com/product/class-5-2-organic-peroxides-label-4-x-4/","identical_urls","","","LM.25052.8"
"/product/class-6-1-toxic-substances-label-4-x-4","https://keypak.tbkdev.com/product/class-6-1-toxic-substances-label-4-x-4/","identical_urls","","","LM.25061.8"
"/product/class-9-miscellaneous-label-4-x-4","https://keypak.tbkdev.com/product/class-9-miscellaneous-label-4-x-4/","identical_urls","","","LM.25090.8"
"/product/do-not-stack-label-3-x-4","https://keypak.tbkdev.com/product/do-not-stack-label-3-x-4/","identical_urls","","","LM.40207.8"
"/product/do-not-freeze-label-3-x-4","https://keypak.tbkdev.com/product/do-not-freeze-label-3-x-4/","identical_urls","","","LM.40209.8"
"/product/caution-top-heavy-label-3-x-4","https://keypak.tbkdev.com/product/caution-top-heavy-label-3-x-4/","identical_urls","","","LM.40225.8"
"/product/do-not-forklift-label-3-x-4","https://keypak.tbkdev.com/product/do-not-forklift-label-3-x-4/","identical_urls","","","LM.40227.8"
"/product/forklift-this-side-only-label-3-x-4","https://keypak.tbkdev.com/product/forklift-this-side-only-label-3-x-4/","identical_urls","","","LM.40228.8"
"/product/do-not-use-blades-to-open-label-3-x-4","https://keypak.tbkdev.com/product/do-not-use-blades-to-open-label-3-x-4/","identical_urls","","","LM.40231.8"
"/product/passed-inspection-label-1-x-2","https://keypak.tbkdev.com/product/passed-inspection-label-1-x-2/","identical_urls","","","LM.50001.1"
"/product/approved-label-1-x-2","https://keypak.tbkdev.com/product/approved-label-1-x-2/","identical_urls","","","LM.50002.1"
"/product/accepted-by-label-1-x-2","https://keypak.tbkdev.com/product/accepted-by-label-1-x-2/","identical_urls","","","LM.50003.1"
"/product/inspected-by-label-1-x-2","https://keypak.tbkdev.com/product/inspected-by-label-1-x-2/","identical_urls","","","LM.50004.1"
"/product/passed-label-1-x-2","https://keypak.tbkdev.com/product/passed-label-1-x-2/","identical_urls","","","LM.50006.1"
"/product/hold-for-qc-approval-label-1-x-2","https://keypak.tbkdev.com/product/hold-for-qc-approval-label-1-x-2/","identical_urls","","","LM.50008.1"
"/product/batch-label-1-x-2","https://keypak.tbkdev.com/product/batch-label-1-x-2/","identical_urls","","","LM.50009.1"
"/product/rejected-label-1-x-2","https://keypak.tbkdev.com/product/rejected-label-1-x-2/","identical_urls","","","LM.50010.1"
"/product/rejected-by-label-1-x-2","https://keypak.tbkdev.com/product/rejected-by-label-1-x-2/","identical_urls","","","LM.50011.1"
"/product/rejected-approved-label-1-x-2","https://keypak.tbkdev.com/product/rejected-approved-label-1-x-2/","identical_urls","","","LM.50012.1"
"/product/calibration-label-2-x-4","https://keypak.tbkdev.com/product/calibration-label-2-x-4/","identical_urls","","","LM.50014.1"
"/product/tested-ok-label-2-x-4","https://keypak.tbkdev.com/product/tested-ok-label-2-x-4/","identical_urls","","","LM.50015.1"
"/product/calibration-label-1-x-2","https://keypak.tbkdev.com/product/calibration-label-1-x-2/","identical_urls","","","LM.50018.1"
"/product/quarantined-by-label-1-x-2","https://keypak.tbkdev.com/product/quarantined-by-label-1-x-2/","identical_urls","","","LM.50019.1"
"/product/sanitized-label-1-x-2","https://keypak.tbkdev.com/product/sanitized-label-1-x-2/","identical_urls","","","LM.50020.1"
"/product/quarantine-label-1-x-2","https://keypak.tbkdev.com/product/quarantine-label-1-x-2/","identical_urls","","","LM.50022.1"
"/product/this-end-up-fragile-liquid-in-plastic-label-4-x-6","https://keypak.tbkdev.com/product/this-end-up-fragile-liquid-in-plastic-label-4-x-6/","identical_urls","","","LM.75169.8"
"/product/this-end-up-fragile-liquid-in-glass-label-4-x-6","https://keypak.tbkdev.com/product/this-end-up-fragile-liquid-in-glass-label-4-x-6/","identical_urls","","","LM.75425.8"
"/product/circle-inventory-label-1","https://keypak.tbkdev.com/product/circle-inventory-label-1/","identical_urls","","","LS.81680.8"
"/product/circle-inventory-label-1-2","https://keypak.tbkdev.com/product/circle-inventory-label-1-2/","identical_urls","","","LS.81681.8"
"/product/circle-inventory-label-1-3","https://keypak.tbkdev.com/product/circle-inventory-label-1-3/","identical_urls","","","LS.81682.8"
"/product/circle-inventory-label-1-4","https://keypak.tbkdev.com/product/circle-inventory-label-1-4/","identical_urls","","","LS.81683.8"
"/product/keep-frozen-label-2-x-5","https://keypak.tbkdev.com/product/keep-frozen-label-2-x-5/","identical_urls","","","LM.15113.8"
"/product/hold-label-2-x-5","https://keypak.tbkdev.com/product/hold-label-2-x-5/","identical_urls","","","LM.15120.8"
"/product/perishable-label-2-x-5","https://keypak.tbkdev.com/product/perishable-label-2-x-5/","identical_urls","","","LM.15121.8"
"/product/caution-heavy-label-2-x-5-375","https://keypak.tbkdev.com/product/caution-heavy-label-2-x-5-375/","identical_urls","","","LM.15188.8"
"/product/heavy-label-2-x-5","https://keypak.tbkdev.com/product/heavy-label-2-x-5/","identical_urls","","","LM.15321.8"
"/product/fragile-handle-with-care-label-4-x-6","https://keypak.tbkdev.com/product/fragile-handle-with-care-label-4-x-6/","identical_urls","","","LM.15335.8"
"/product/fragile-handle-with-care-label-2-x-5","https://keypak.tbkdev.com/product/fragile-handle-with-care-label-2-x-5/","identical_urls","","","LM.60101.8"
"/product/glass-handle-with-care-label-2-x-5","https://keypak.tbkdev.com/product/glass-handle-with-care-label-2-x-5/","identical_urls","","","LM.60102.8"
"/product/packing-slip-enclosed-label-2-x-5","https://keypak.tbkdev.com/product/packing-slip-enclosed-label-2-x-5/","identical_urls","","","LM.60103.8"
"/product/this-side-up-label-2-x-5","https://keypak.tbkdev.com/product/this-side-up-label-2-x-5/","identical_urls","","","LM.60104.8"
"/product/do-not-break-down-skid-label-2-x-5","https://keypak.tbkdev.com/product/do-not-break-down-skid-label-2-x-5/","identical_urls","","","LM.60106.8"
"/product/do-not-stack-label-2-x-5","https://keypak.tbkdev.com/product/do-not-stack-label-2-x-5/","identical_urls","","","LM.60107.8"
"/product/do-not-top-load-label-2-x-5","https://keypak.tbkdev.com/product/do-not-top-load-label-2-x-5/","identical_urls","","","LM.60109.8"
"/product/keep-cool-label-2-x-5","https://keypak.tbkdev.com/product/keep-cool-label-2-x-5/","identical_urls","","","LM.75134.0"
"/product/rotate-stock-label-2-x-5","https://keypak.tbkdev.com/product/rotate-stock-label-2-x-5/","identical_urls","","","LM.75135.0"
"/product/do-not-bend-label-2-x-5","https://keypak.tbkdev.com/product/do-not-bend-label-2-x-5/","identical_urls","","","LM.75136.0"
"/product/in-bond-label-2-x-5","https://keypak.tbkdev.com/product/in-bond-label-2-x-5/","identical_urls","","","LM.75149.0"
"/product/received-label-2-x-5","https://keypak.tbkdev.com/product/received-label-2-x-5/","identical_urls","","","LM.75154.0"
"/product/hardware-enclosed-label-2-x-5","https://keypak.tbkdev.com/product/hardware-enclosed-label-2-x-5/","identical_urls","","","LM.75157.0"
"/product/inspected-label-2-x-5","https://keypak.tbkdev.com/product/inspected-label-2-x-5/","identical_urls","","","LM.75158.0"
"/product/air-freight-label-2-x-5","https://keypak.tbkdev.com/product/air-freight-label-2-x-5/","identical_urls","","","LM.75190.0"
"/product/made-in-canada-label-2-x-3","https://keypak.tbkdev.com/product/made-in-canada-label-2-x-3/","identical_urls","","","LM.75296.8"
"/product/part-box-label-2-x-5","https://keypak.tbkdev.com/product/part-box-label-2-x-5/","identical_urls","","","LM.75447.0"
"/product/liquid-label-2-x-5","https://keypak.tbkdev.com/product/liquid-label-2-x-5/","identical_urls","","","LM.75451.0"
"/product/overpack-label-2-x-5","https://keypak.tbkdev.com/product/overpack-label-2-x-5/","identical_urls","","","LM.75455.8"
"/product/mixed-merchandise-label-2-x-5","https://keypak.tbkdev.com/product/mixed-merchandise-label-2-x-5/","identical_urls","","","LM.75456.0"
"/product/do-not-freeze-label-2-x-5","https://keypak.tbkdev.com/product/do-not-freeze-label-2-x-5/","identical_urls","","","LM.80111.8"
"/product/do-not-use-knife-label-2-x-5","https://keypak.tbkdev.com/product/do-not-use-knife-label-2-x-5/","identical_urls","","","LM.80148.8"
"/product/tyvek-shipping-tag-8","https://keypak.tbkdev.com/product/tyvek-shipping-tag-8/","identical_urls","","","LT.30702.0"
"/product/invoice-enclosed-label-2-x-3","https://keypak.tbkdev.com/product/invoice-enclosed-label-2-x-3/","identical_urls","","","LM.15115.0"
"/product/thermal-transfer-ribbon-datamax-2-52-x-1181","https://keypak.tbkdev.com/product/thermal-transfer-ribbon-datamax-2-52-x-1181/","identical_urls","","","LS.06436.0"
"/product/thermal-transfer-label-2-x-1","https://keypak.tbkdev.com/product/thermal-transfer-label-2-x-1/","identical_urls","","","LS.12013.9"
"/product/thermal-transfer-label-3-x-1","https://keypak.tbkdev.com/product/thermal-transfer-label-3-x-1/","identical_urls","","","LS.13013.9"
"/product/thermal-transfer-label-3-x-4","https://keypak.tbkdev.com/product/thermal-transfer-label-3-x-4/","identical_urls","","","LS.13034.9"
"/product/thermal-transfer-label-4-x-4","https://keypak.tbkdev.com/product/thermal-transfer-label-4-x-4/","identical_urls","","","LS.14040.9"
"/product/thermal-transfer-label-6-x-4","https://keypak.tbkdev.com/product/thermal-transfer-label-6-x-4/","identical_urls","","","LS.14978.9"
"/product/thermal-transfer-label-4-x-12","https://keypak.tbkdev.com/product/thermal-transfer-label-4-x-12/","identical_urls","","","LS.14980.9"
"/product/thermal-transfer-label-4-x-1","https://keypak.tbkdev.com/product/thermal-transfer-label-4-x-1/","identical_urls","","","LS.18996.0"
"/product/thermal-transfer-ribbon-intermec-4-09-x-502","https://keypak.tbkdev.com/product/thermal-transfer-ribbon-intermec-4-09-x-502/","identical_urls","","","LS.21553.9"
"/product/thermal-transfer-ribbon-zebra-4-33-x-243","https://keypak.tbkdev.com/product/thermal-transfer-ribbon-zebra-4-33-x-243/","identical_urls","","","LS.23950.9"
"/product/thermal-transfer-ribbon-zebra-5-12-x-1476","https://keypak.tbkdev.com/product/thermal-transfer-ribbon-zebra-5-12-x-1476/","identical_urls","","","LS.24530.9"
"/product/thermal-transfer-ribbon-zebra-6-49-x-984","https://keypak.tbkdev.com/product/thermal-transfer-ribbon-zebra-6-49-x-984/","identical_urls","","","LS.24703.9"
"/product/thermal-transfer-ribbon-zebra-6-5-x-1476","https://keypak.tbkdev.com/product/thermal-transfer-ribbon-zebra-6-5-x-1476/","identical_urls","","","LS.24710.9"
"/product/1-mil-flat-poly-bag-14-x-22","https://keypak.tbkdev.com/product/1-mil-flat-poly-bag-14-x-22/","identical_urls","","","MA.11500.1"
"/product/1-mil-flat-poly-bag-14-x-24","https://keypak.tbkdev.com/product/1-mil-flat-poly-bag-14-x-24/","identical_urls","","","MA.31424.9"
"/product/1-mil-flat-poly-bag-18-x-24","https://keypak.tbkdev.com/product/1-mil-flat-poly-bag-18-x-24/","identical_urls","","","MA.31823.9"
"/product/1-mil-flat-poly-bag-20-x-24","https://keypak.tbkdev.com/product/1-mil-flat-poly-bag-20-x-24/","identical_urls","","","MA.32024.9"
"/product/1-5-mil-flat-poly-bag-26-x-36","https://keypak.tbkdev.com/product/1-5-mil-flat-poly-bag-26-x-36/","identical_urls","","","MA.32636.9"
"/product/2-mil-poly-bag-3-x-4","https://keypak.tbkdev.com/product/2-mil-poly-bag-3-x-4/","identical_urls","","","MB.10304.9"
"/product/2-mil-poly-bag-3-x-5","https://keypak.tbkdev.com/product/2-mil-poly-bag-3-x-5/","identical_urls","","","MB.10305.9"
"/product/2-mil-poly-bag-4-x-6","https://keypak.tbkdev.com/product/2-mil-poly-bag-4-x-6/","identical_urls","","","MB.10406.1"
"/product/2-mil-poly-bag-4-x-10","https://keypak.tbkdev.com/product/2-mil-poly-bag-4-x-10/","identical_urls","","","MB.10410.9"
"/product/2-mil-poly-bag-5-x-6","https://keypak.tbkdev.com/product/2-mil-poly-bag-5-x-6/","identical_urls","","","MB.10506.9"
"/product/2-mil-poly-bag-7-x-14","https://keypak.tbkdev.com/product/2-mil-poly-bag-7-x-14/","identical_urls","","","MB.10550.1"
"/product/2-mil-poly-bag-6-x-8","https://keypak.tbkdev.com/product/2-mil-poly-bag-6-x-8/","identical_urls","","","MB.10608.9"
"/product/2-mil-poly-bag-6-x-10","https://keypak.tbkdev.com/product/2-mil-poly-bag-6-x-10/","identical_urls","","","MB.10610.1"
"/product/2-mil-poly-bag-7-x-9","https://keypak.tbkdev.com/product/2-mil-poly-bag-7-x-9/","identical_urls","","","MB.10709.1"
"/product/2-mil-poly-bag-8-x-12","https://keypak.tbkdev.com/product/2-mil-poly-bag-8-x-12/","identical_urls","","","MB.10812.9"
"/product/2-mil-poly-bag-9-x-13","https://keypak.tbkdev.com/product/2-mil-poly-bag-9-x-13/","identical_urls","","","MB.10913.1"
"/product/2-mil-poly-bag-10-x-16","https://keypak.tbkdev.com/product/2-mil-poly-bag-10-x-16/","identical_urls","","","MB.11016.9"
"/product/2-mil-poly-bag-12-x-15","https://keypak.tbkdev.com/product/2-mil-poly-bag-12-x-15/","identical_urls","","","MB.11215.0"
"/product/2-mil-poly-bag-12-x-20","https://keypak.tbkdev.com/product/2-mil-poly-bag-12-x-20/","identical_urls","","","MB.11220.1"
"/product/2-mil-poly-bag-13-x-16","https://keypak.tbkdev.com/product/2-mil-poly-bag-13-x-16/","identical_urls","","","MB.11316.1"
"/product/2-mil-poly-bag-14-x-22","https://keypak.tbkdev.com/product/2-mil-poly-bag-14-x-22/","identical_urls","","","MB.11422.1"
"/product/2-mil-poly-bag-18-x-24","https://keypak.tbkdev.com/product/2-mil-poly-bag-18-x-24/","identical_urls","","","MB.11824.1"
"/product/2-mil-poly-bag-18-x-36","https://keypak.tbkdev.com/product/2-mil-poly-bag-18-x-36/","identical_urls","","","MB.11836.1"
"/product/2-mil-poly-bag-12-x-8-x-30","https://keypak.tbkdev.com/product/2-mil-poly-bag-12-x-8-x-30/","identical_urls","","","MB.12083.0"
"/product/2-mil-poly-bag-26-x-36","https://keypak.tbkdev.com/product/2-mil-poly-bag-26-x-36/","identical_urls","","","MB.12636.9"
"/product/2-mil-poly-bag-36-x-60","https://keypak.tbkdev.com/product/2-mil-poly-bag-36-x-60/","identical_urls","","","MB.13660.1"
"/product/2-mil-poly-bag-20-x-18-x-30","https://keypak.tbkdev.com/product/2-mil-poly-bag-20-x-18-x-30/","identical_urls","","","MB.20183.0"
"/product/3-mil-poly-bag-5-x-9","https://keypak.tbkdev.com/product/3-mil-poly-bag-5-x-9/","identical_urls","","","MC.10509.9"
"/product/3-mil-poly-bag-7-x-11","https://keypak.tbkdev.com/product/3-mil-poly-bag-7-x-11/","identical_urls","","","MC.10711.1"
"/product/3-mil-poly-bag-9-x-9","https://keypak.tbkdev.com/product/3-mil-poly-bag-9-x-9/","identical_urls","","","MC.10909.0"
"/product/3-mil-poly-bag-9-x-13","https://keypak.tbkdev.com/product/3-mil-poly-bag-9-x-13/","identical_urls","","","MC.10913.1"
"/product/3-mil-poly-bag-12-x-18","https://keypak.tbkdev.com/product/3-mil-poly-bag-12-x-18/","identical_urls","","","MC.11218.9"
"/product/3-mil-poly-bag-14-x-22","https://keypak.tbkdev.com/product/3-mil-poly-bag-14-x-22/","identical_urls","","","MC.11422.1"
"/product/3-mil-poly-bag-18-x-24","https://keypak.tbkdev.com/product/3-mil-poly-bag-18-x-24/","identical_urls","","","MC.11824.9"
"/product/3-mil-poly-bag-18-x-32","https://keypak.tbkdev.com/product/3-mil-poly-bag-18-x-32/","identical_urls","","","MC.11832.1"
"/product/3-mil-poly-bag-26-x-36","https://keypak.tbkdev.com/product/3-mil-poly-bag-26-x-36/","identical_urls","","","MC.12636.9"
"/product/3-mil-poly-bag-35-x-50","https://keypak.tbkdev.com/product/3-mil-poly-bag-35-x-50/","identical_urls","","","MC.13550.9"
"/product/4-mil-poly-bag-4-x-6","https://keypak.tbkdev.com/product/4-mil-poly-bag-4-x-6/","identical_urls","","","MD.40406.1"
"/product/4-mil-poly-bag-6-x-10","https://keypak.tbkdev.com/product/4-mil-poly-bag-6-x-10/","identical_urls","","","MD.40610.9"
"/product/4-mil-poly-bag-10-x-14","https://keypak.tbkdev.com/product/4-mil-poly-bag-10-x-14/","identical_urls","","","MD.41014.9"
"/product/4-mil-poly-bag-20-x-30","https://keypak.tbkdev.com/product/4-mil-poly-bag-20-x-30/","identical_urls","","","MD.42030.1"
"/product/4-mil-poly-bag-29-x-45","https://keypak.tbkdev.com/product/4-mil-poly-bag-29-x-45/","identical_urls","","","MD.42945.9"
"/product/6-mil-poly-bag-36-x-60","https://keypak.tbkdev.com/product/6-mil-poly-bag-36-x-60/","identical_urls","","","MD.63660.9"
"/product/1-5-mil-red-poly-flags-12-x-12","https://keypak.tbkdev.com/product/1-5-mil-red-poly-flags-12-x-12/","identical_urls","","","ME.99900.1"
"/product/6-mil-reclosable-bag-9-x-12","https://keypak.tbkdev.com/product/6-mil-reclosable-bag-9-x-12/","identical_urls","","","MI.00912.8"
"/product/6-mil-reclosable-bag-18-x-24","https://keypak.tbkdev.com/product/6-mil-reclosable-bag-18-x-24/","identical_urls","","","MI.01824.8"
"/product/2-mil-reclosable-bag-2-x-2","https://keypak.tbkdev.com/product/2-mil-reclosable-bag-2-x-2/","identical_urls","","","MJ.00202.8"
"/product/2-mil-reclosable-bag-2-x-3","https://keypak.tbkdev.com/product/2-mil-reclosable-bag-2-x-3/","identical_urls","","","MJ.00203.8"
"/product/2-mil-reclosable-bag-2-x-8","https://keypak.tbkdev.com/product/2-mil-reclosable-bag-2-x-8/","identical_urls","","","MJ.00208.8"
"/product/2-mil-reclosable-bag-3-x-3","https://keypak.tbkdev.com/product/2-mil-reclosable-bag-3-x-3/","identical_urls","","","MJ.00303.8"
"/product/2-mil-reclosable-bag-3-x-4","https://keypak.tbkdev.com/product/2-mil-reclosable-bag-3-x-4/","identical_urls","","","MJ.00304.8"
"/product/2-mil-reclosable-bag-3-x-5","https://keypak.tbkdev.com/product/2-mil-reclosable-bag-3-x-5/","identical_urls","","","MJ.00305.8"
"/product/2-mil-reclosable-bag-4-x-4","https://keypak.tbkdev.com/product/2-mil-reclosable-bag-4-x-4/","identical_urls","","","MJ.00404.8"
"/product/2-mil-reclosable-bag-4-x-6","https://keypak.tbkdev.com/product/2-mil-reclosable-bag-4-x-6/","identical_urls","","","MJ.00406.8"
"/product/2-mil-reclosable-bag-4-x-8","https://keypak.tbkdev.com/product/2-mil-reclosable-bag-4-x-8/","identical_urls","","","MJ.00408.8"
"/product/2-mil-reclosable-bag-4-x-12","https://keypak.tbkdev.com/product/2-mil-reclosable-bag-4-x-12/","identical_urls","","","MJ.00412.8"
"/product/2-mil-reclosable-bag-5-x-5","https://keypak.tbkdev.com/product/2-mil-reclosable-bag-5-x-5/","identical_urls","","","MJ.00505.8"
"/product/2-mil-reclosable-bag-5-x-7","https://keypak.tbkdev.com/product/2-mil-reclosable-bag-5-x-7/","identical_urls","","","MJ.00507.8"
"/product/2-mil-reclosable-bag-5-x-8","https://keypak.tbkdev.com/product/2-mil-reclosable-bag-5-x-8/","identical_urls","","","MJ.00508.8"
"/product/2-mil-reclosable-bag-5-x-10","https://keypak.tbkdev.com/product/2-mil-reclosable-bag-5-x-10/","identical_urls","","","MJ.00510.8"
"/product/2-mil-reclosable-bag-6-x-6","https://keypak.tbkdev.com/product/2-mil-reclosable-bag-6-x-6/","identical_urls","","","MJ.00606.8"
"/product/2-mil-reclosable-bag-6-x-8","https://keypak.tbkdev.com/product/2-mil-reclosable-bag-6-x-8/","identical_urls","","","MJ.00608.8"
"/product/2-mil-reclosable-bag-6-x-9","https://keypak.tbkdev.com/product/2-mil-reclosable-bag-6-x-9/","identical_urls","","","MJ.00609.8"
"/product/2-mil-reclosable-bag-6-x-10","https://keypak.tbkdev.com/product/2-mil-reclosable-bag-6-x-10/","identical_urls","","","MJ.00610.8"
"/product/2-mil-reclosable-bag-6-x-12","https://keypak.tbkdev.com/product/2-mil-reclosable-bag-6-x-12/","identical_urls","","","MJ.00612.8"
"/product/2-mil-reclosable-bag-8-x-8","https://keypak.tbkdev.com/product/2-mil-reclosable-bag-8-x-8/","identical_urls","","","MJ.00808.8"
"/product/2-mil-reclosable-bag-8-x-10","https://keypak.tbkdev.com/product/2-mil-reclosable-bag-8-x-10/","identical_urls","","","MJ.00810.8"
"/product/2-mil-reclosable-bag-8-x-12","https://keypak.tbkdev.com/product/2-mil-reclosable-bag-8-x-12/","identical_urls","","","MJ.00812.8"
"/product/2-mil-reclosable-bag-9-x-12","https://keypak.tbkdev.com/product/2-mil-reclosable-bag-9-x-12/","identical_urls","","","MJ.00912.8"
"/product/2-mil-reclosable-bag-10-x-13","https://keypak.tbkdev.com/product/2-mil-reclosable-bag-10-x-13/","identical_urls","","","MJ.01013.8"
"/product/2-mil-reclosable-bag-12-x-12","https://keypak.tbkdev.com/product/2-mil-reclosable-bag-12-x-12/","identical_urls","","","MJ.01212.8"
"/product/2-mil-reclosable-bag-12-x-15","https://keypak.tbkdev.com/product/2-mil-reclosable-bag-12-x-15/","identical_urls","","","MJ.01215.8"
"/product/2-mil-reclosable-bag-13-x-18","https://keypak.tbkdev.com/product/2-mil-reclosable-bag-13-x-18/","identical_urls","","","MJ.01318.8"
"/product/2-mil-reclosable-bag-15-x-20","https://keypak.tbkdev.com/product/2-mil-reclosable-bag-15-x-20/","identical_urls","","","MJ.01520.8"
"/product/2-mil-reclosable-bag-18-x-24","https://keypak.tbkdev.com/product/2-mil-reclosable-bag-18-x-24/","identical_urls","","","MJ.01824.8"
"/product/4-mil-reclosable-bag-3-x-5","https://keypak.tbkdev.com/product/4-mil-reclosable-bag-3-x-5/","identical_urls","","","MK.00305.8"
"/product/4-mil-reclosable-bag-4-x-6","https://keypak.tbkdev.com/product/4-mil-reclosable-bag-4-x-6/","identical_urls","","","MK.00406.8"
"/product/4-mil-reclosable-bag-5-x-8","https://keypak.tbkdev.com/product/4-mil-reclosable-bag-5-x-8/","identical_urls","","","MK.00508.8"
"/product/4-mil-reclosable-bag-6-x-9","https://keypak.tbkdev.com/product/4-mil-reclosable-bag-6-x-9/","identical_urls","","","MK.00609.8"
"/product/4-mil-reclosable-bag-8-x-10","https://keypak.tbkdev.com/product/4-mil-reclosable-bag-8-x-10/","identical_urls","","","MK.00810.8"
"/product/4-mil-reclosable-bag-9-x-12","https://keypak.tbkdev.com/product/4-mil-reclosable-bag-9-x-12/","identical_urls","","","MK.00912.8"
"/product/4-mil-reclosable-bag-10-x-13","https://keypak.tbkdev.com/product/4-mil-reclosable-bag-10-x-13/","identical_urls","","","MK.01013.8"
"/product/4-mil-reclosable-bag-12-x-12","https://keypak.tbkdev.com/product/4-mil-reclosable-bag-12-x-12/","identical_urls","","","MK.01212.8"
"/product/4-mil-reclosable-bag-12-x-15","https://keypak.tbkdev.com/product/4-mil-reclosable-bag-12-x-15/","identical_urls","","","MK.01215.8"
"/product/1-mil-poly-tubing-50lb-roll-24-x-2604","https://keypak.tbkdev.com/product/1-mil-poly-tubing-50lb-roll-24-x-2604/","identical_urls","","","MT.10240.9"
"/product/2-mil-poly-tubing-25-lbs-roll-4-x-3906","https://keypak.tbkdev.com/product/2-mil-poly-tubing-25-lbs-roll-4-x-3906/","identical_urls","","","MT.20040.9"
"/product/2-mil-poly-tubing-25-lbs-roll-6-x-2604","https://keypak.tbkdev.com/product/2-mil-poly-tubing-25-lbs-roll-6-x-2604/","identical_urls","","","MT.20060.9"
"/product/2-mil-poly-tubing-40-lbs-roll-8-x-3125","https://keypak.tbkdev.com/product/2-mil-poly-tubing-40-lbs-roll-8-x-3125/","identical_urls","","","MT.20080.9"
"/product/2-mil-poly-tubing-50-lbs-roll-12-x-2604","https://keypak.tbkdev.com/product/2-mil-poly-tubing-50-lbs-roll-12-x-2604/","identical_urls","","","MT.20120.9"
"/product/2-mil-poly-tubing-50-lbs-roll-24-x-1302","https://keypak.tbkdev.com/product/2-mil-poly-tubing-50-lbs-roll-24-x-1302/","identical_urls","","","MT.20240.1"
"/product/2-mil-poly-tubing-50-lbs-roll-36-x-870","https://keypak.tbkdev.com/product/2-mil-poly-tubing-50-lbs-roll-36-x-870/","identical_urls","","","MT.20360.9"
"/product/2-mil-poly-tubing-50-lbs-roll-48-x-651","https://keypak.tbkdev.com/product/2-mil-poly-tubing-50-lbs-roll-48-x-651/","identical_urls","","","MT.20480.9"
"/product/4-mil-poly-tubing-50-lbs-roll-6-x-2604","https://keypak.tbkdev.com/product/4-mil-poly-tubing-50-lbs-roll-6-x-2604/","identical_urls","","","MT.40060.9"
"/product/4-mil-poly-tubing-50-lbs-roll-8-x-1950","https://keypak.tbkdev.com/product/4-mil-poly-tubing-50-lbs-roll-8-x-1950/","identical_urls","","","MT.40080.9"
"/product/4-mil-poly-tubing-50-lbs-roll-12-x-1302","https://keypak.tbkdev.com/product/4-mil-poly-tubing-50-lbs-roll-12-x-1302/","identical_urls","","","MT.40120.9"
"/product/4-mil-poly-tubing-50-lbs-roll-14-x-1116","https://keypak.tbkdev.com/product/4-mil-poly-tubing-50-lbs-roll-14-x-1116/","identical_urls","","","MT.40140.9"
"/product/4-mil-poly-tubing-50-lbs-roll-18-x-868","https://keypak.tbkdev.com/product/4-mil-poly-tubing-50-lbs-roll-18-x-868/","identical_urls","","","MT.40180.9"
"/product/4-mil-poly-tubing-50-lbs-roll-48-x-326","https://keypak.tbkdev.com/product/4-mil-poly-tubing-50-lbs-roll-48-x-326/","identical_urls","","","MT.40480.9"
"/product/6-mil-poly-tubing-40-lbs-roll-6-x-1389","https://keypak.tbkdev.com/product/6-mil-poly-tubing-40-lbs-roll-6-x-1389/","identical_urls","","","MT.60060.9"
"/product/6-mil-poly-tubing-40-lbs-roll-8-x-1041","https://keypak.tbkdev.com/product/6-mil-poly-tubing-40-lbs-roll-8-x-1041/","identical_urls","","","MT.60080.9"
"/product/6-mil-poly-tubing-50-lbs-roll-12-x-868","https://keypak.tbkdev.com/product/6-mil-poly-tubing-50-lbs-roll-12-x-868/","identical_urls","","","MT.60120.9"
"/product/6-mil-poly-tubing-50-lbs-roll-18-x-463","https://keypak.tbkdev.com/product/6-mil-poly-tubing-50-lbs-roll-18-x-463/","identical_urls","","","MT.60180.9"
"/product/6-mil-poly-tubing-50-lbs-roll-25-x-420","https://keypak.tbkdev.com/product/6-mil-poly-tubing-50-lbs-roll-25-x-420/","identical_urls","","","MT.60250.9"
"/product/6-mil-poly-tubing-50-lbs-roll-36-x-289","https://keypak.tbkdev.com/product/6-mil-poly-tubing-50-lbs-roll-36-x-289/","identical_urls","","","MT.60360.9"
"/product/6-mil-clear-shrink-film-16-x-100","https://keypak.tbkdev.com/product/6-mil-clear-shrink-film-16-x-100/","identical_urls","","","PF.10116.9"
"/product/regular-garbage-bags-22-x-24","https://keypak.tbkdev.com/product/regular-garbage-bags-22-x-24/","identical_urls","","","MQ.22413.9"
"/product/regular-garbage-bags-24-x-22","https://keypak.tbkdev.com/product/regular-garbage-bags-24-x-22/","identical_urls","","","MQ.24211.3"
"/product/regular-garbage-bags-30-x-38","https://keypak.tbkdev.com/product/regular-garbage-bags-30-x-38/","identical_urls","","","MQ.30813.9"
"/product/x-strong-garbage-bags-30-x-38","https://keypak.tbkdev.com/product/x-strong-garbage-bags-30-x-38/","identical_urls","","","MQ.30833.3"
"/product/disposable-toilet-floor-mat-black","https://keypak.tbkdev.com/product/disposable-toilet-floor-mat-black/","identical_urls","","","JA.07690.0"
"/product/cascades-2-ply-household-roll-towel-85-sheets","https://keypak.tbkdev.com/product/cascades-2-ply-household-roll-towel-85-sheets/","identical_urls","","","JA.17402.3"
"/product/super-mailer-3-x-3-x-3","https://keypak.tbkdev.com/product/super-mailer-3-x-3-x-3/","identical_urls","","","CG.50302.0"
"/product/super-mailer-6-x-4-x-3","https://keypak.tbkdev.com/product/super-mailer-6-x-4-x-3/","identical_urls","","","CG.50602.0"
"/product/courier-bag-9-x-12-with-1-5-lip","https://keypak.tbkdev.com/product/courier-bag-9-x-12-with-1-5-lip/","identical_urls","","","BC.10900.9"
"/product/courier-bag-10-x-13-with-1-5-lip","https://keypak.tbkdev.com/product/courier-bag-10-x-13-with-1-5-lip/","identical_urls","","","BC.11000.9"
"/product/courier-bag-12-x-15-with-1-5-lip","https://keypak.tbkdev.com/product/courier-bag-12-x-15-with-1-5-lip/","identical_urls","","","BC.11200.9"
"/product/courier-bag-19-x-24-with-1-5-lip","https://keypak.tbkdev.com/product/courier-bag-19-x-24-with-1-5-lip/","identical_urls","","","BC.11900.9"
"/product/courier-bag-24-x-24-with-1-5-lip","https://keypak.tbkdev.com/product/courier-bag-24-x-24-with-1-5-lip/","identical_urls","","","BC.12400.9"
"/product/courier-bag-24-x-36-with-1-5-lip","https://keypak.tbkdev.com/product/courier-bag-24-x-36-with-1-5-lip/","identical_urls","","","BC.12436.0"
"/product/xpak-bubble-mailer-0-6-x-10","https://keypak.tbkdev.com/product/xpak-bubble-mailer-0-6-x-10/","identical_urls","","","BC.30100.5"
"/product/mailer-with-self-seal-strip-7-x-9","https://keypak.tbkdev.com/product/mailer-with-self-seal-strip-7-x-9/","identical_urls","","","BM.10790.0"
"/product/pouch-tape-dispenser","https://keypak.tbkdev.com/product/pouch-tape-dispenser/","identical_urls","","","LP.61900.9"
"/product/3lb-hardware-bag-4-3-4-x-2-15-16-x-8-9-16","https://keypak.tbkdev.com/product/3lb-hardware-bag-4-3-4-x-2-15-16-x-8-9-16/","identical_urls","","","NH.10300.9"
"/product/5lb-hardware-bag-5-1-4-x-3-7-16-x-10-15-16","https://keypak.tbkdev.com/product/5lb-hardware-bag-5-1-4-x-3-7-16-x-10-15-16/","identical_urls","","","NH.10500.9"
"/product/8lb-hardware-bag-6-1-8-x-4-1-6-x-12-7-16","https://keypak.tbkdev.com/product/8lb-hardware-bag-6-1-8-x-4-1-6-x-12-7-16/","identical_urls","","","NH.10800.9"
"/product/10lb-hardware-bag-5-5-16-x-4-1-8-x-13-3-8","https://keypak.tbkdev.com/product/10lb-hardware-bag-5-5-16-x-4-1-8-x-13-3-8/","identical_urls","","","NH.11000.9"
"/product/14lb-hardware-bag-7-1-2-x-4-13-16-x-14-3-8","https://keypak.tbkdev.com/product/14lb-hardware-bag-7-1-2-x-4-13-16-x-14-3-8/","identical_urls","","","NH.11405.0"
"/product/20lb-hardware-bag-8-1-4-x-5-5-16-x-16-1-8","https://keypak.tbkdev.com/product/20lb-hardware-bag-8-1-4-x-5-5-16-x-16-1-8/","identical_urls","","","NH.12000.9"
"/product/cable-seal-1-8mm-x-12","https://keypak.tbkdev.com/product/cable-seal-1-8mm-x-12/","identical_urls","","","WC.22112.5"
"/product/cable-seal-3-5mm-x-12","https://keypak.tbkdev.com/product/cable-seal-3-5mm-x-12/","identical_urls","","","WC.22312.5"
"/product/cable-seal-5mm-x-12","https://keypak.tbkdev.com/product/cable-seal-5mm-x-12/","identical_urls","","","WC.22512.5"
"/product/metal-bolt-seal","https://keypak.tbkdev.com/product/metal-bolt-seal/","identical_urls","","","WC.23550.5"
"/product/fine-fabric-pistol-grip-tool","https://keypak.tbkdev.com/product/fine-fabric-pistol-grip-tool/","identical_urls","","","WC.35520.1"
"/product/mark-iii-standard-pistol-grip-tool","https://keypak.tbkdev.com/product/mark-iii-standard-pistol-grip-tool/","identical_urls","","","WC.35652.9"
"/product/mark-iii-long-needle-pistol-grip-tool","https://keypak.tbkdev.com/product/mark-iii-long-needle-pistol-grip-tool/","identical_urls","","","WC.35660.9"
"/product/16-rubber-bands-5-x-5lb-bags","https://keypak.tbkdev.com/product/16-rubber-bands-5-x-5lb-bags/","identical_urls","","","WR.11600.9"
"/product/33-rubber-bands-5-x-5lb-bags","https://keypak.tbkdev.com/product/33-rubber-bands-5-x-5lb-bags/","identical_urls","","","WR.13300.3"
"/product/64-rubber-bands-5-x-5lb-bags","https://keypak.tbkdev.com/product/64-rubber-bands-5-x-5lb-bags/","identical_urls","","","WR.16400.3"
"/product/white-lumber-crayon","https://keypak.tbkdev.com/product/white-lumber-crayon/","identical_urls","","","WS.21367.0"
"/product/premium-chisel-tip-permanent-marker","https://keypak.tbkdev.com/product/premium-chisel-tip-permanent-marker/","identical_urls","","","WS.21401.9"
"/product/3-notch-round-safety-blade","https://keypak.tbkdev.com/product/3-notch-round-safety-blade/","identical_urls","","","TK.71410.2"
"/product/ark-self-retracting-plastic-body","https://keypak.tbkdev.com/product/ark-self-retracting-plastic-body/","identical_urls","","","TK.72302.1"
"/product/ssk-self-retracting-metal-body","https://keypak.tbkdev.com/product/ssk-self-retracting-metal-body/","identical_urls","","","TK.72342.1"
"/product/pallet-bands-fits-pallet-size-36-x-48-40-75-x-80","https://keypak.tbkdev.com/product/pallet-bands-fits-pallet-size-36-x-48-40-75-x-80/","identical_urls","","","WR.11040.3"
"/product/pallet-bands-fits-pallet-size-40-x-48-50-75-x-100","https://keypak.tbkdev.com/product/pallet-bands-fits-pallet-size-40-x-48-50-75-x-100/","identical_urls","","","WR.11050.3"
"/product/18-cable-tie-uv-rated-4","https://keypak.tbkdev.com/product/18-cable-tie-uv-rated-4/","identical_urls","","","WC.10403.9"
"/product/18-cable-tie-4","https://keypak.tbkdev.com/product/18-cable-tie-4/","identical_urls","","","WC.10404.9"
"/product/30-cable-tie-5-5","https://keypak.tbkdev.com/product/30-cable-tie-5-5/","identical_urls","","","WC.10502.9"
"/product/50-cable-tie-7-5","https://keypak.tbkdev.com/product/50-cable-tie-7-5/","identical_urls","","","WC.10750.9"
"/product/50-cable-tie-uv-rated-7-5","https://keypak.tbkdev.com/product/50-cable-tie-uv-rated-7-5/","identical_urls","","","WC.10752.9"
"/product/50-cable-tie-11-5","https://keypak.tbkdev.com/product/50-cable-tie-11-5/","identical_urls","","","WC.11181.9"
"/product/50-cable-tie-14-5","https://keypak.tbkdev.com/product/50-cable-tie-14-5/","identical_urls","","","WC.11450.9"
"/product/50-cable-tie-uv-rated-14-5","https://keypak.tbkdev.com/product/50-cable-tie-uv-rated-14-5/","identical_urls","","","WC.11452.9"
"/product/50-cable-tie-21","https://keypak.tbkdev.com/product/50-cable-tie-21/","identical_urls","","","WC.11780.9"
"/product/packing-slip-envelope-blank-bilingual-10-x-5-5","https://keypak.tbkdev.com/product/packing-slip-envelope-blank-bilingual-10-x-5-5/","identical_urls","","","LP.22002.3"
"/product/packing-slip-envelope-invoice-enclosed-4-5-x-5-5","https://keypak.tbkdev.com/product/packing-slip-envelope-invoice-enclosed-4-5-x-5-5/","identical_urls","","","LP.31053.3"
"/product/packing-slip-envelope-blank-backload-7-5-x-5-5","https://keypak.tbkdev.com/product/packing-slip-envelope-blank-backload-7-5-x-5-5/","identical_urls","","","LP.41900.9"
"/product/snap-off-blade-9mm","https://keypak.tbkdev.com/product/snap-off-blade-9mm/","identical_urls","","","TK.10070.1"
"/product/snap-off-blade-18mm","https://keypak.tbkdev.com/product/snap-off-blade-18mm/","identical_urls","","","TK.10080.1"
"/product/retractable-utility-knife","https://keypak.tbkdev.com/product/retractable-utility-knife/","identical_urls","","","TK.31200.9"
"/product/klever-x-change-package-opener-double-sided-head","https://keypak.tbkdev.com/product/klever-x-change-package-opener-double-sided-head/","identical_urls","","","TK.50010.8"
"/product/klever-x-change-package-opener-double-sided-head-2","https://keypak.tbkdev.com/product/klever-x-change-package-opener-double-sided-head-2/","identical_urls","","","TK.50011.8"
"/product/klever-x-change-package-opener-double-sided-head-3","https://keypak.tbkdev.com/product/klever-x-change-package-opener-double-sided-head-3/","identical_urls","","","TK.50012.8"
"/product/klever-x-change-package-opener-double-sided-head-4","https://keypak.tbkdev.com/product/klever-x-change-package-opener-double-sided-head-4/","identical_urls","","","TK.50013.8"
"/product/klever-excel-double-sided-cutter","https://keypak.tbkdev.com/product/klever-excel-double-sided-cutter/","identical_urls","","","TK.50040.8"
"/product/klever-excel-single-sided-cutter","https://keypak.tbkdev.com/product/klever-excel-single-sided-cutter/","identical_urls","","","TK.50050.8"
"/product/klever-koncept-disposable-double-head-cutter","https://keypak.tbkdev.com/product/klever-koncept-disposable-double-head-cutter/","identical_urls","","","TK.50066.8"
"/product/klever-koncept-disposable-double-head-cutter-2","https://keypak.tbkdev.com/product/klever-koncept-disposable-double-head-cutter-2/","identical_urls","","","TK.50067.8"
"/product/cap-tissue-18-x-24","https://keypak.tbkdev.com/product/cap-tissue-18-x-24/","identical_urls","","","KC.18241.0"
"/product/4-step-rolling-step-ladder","https://keypak.tbkdev.com/product/4-step-rolling-step-ladder/","identical_urls","","","WW.84061.8"
"/product/3-step-rolling-step-ladder","https://keypak.tbkdev.com/product/3-step-rolling-step-ladder/","identical_urls","","","WW.84062.8"
"/product/8-step-rolling-step-ladder","https://keypak.tbkdev.com/product/8-step-rolling-step-ladder/","identical_urls","","","WW.84063.8"
"/product/hand-truck-pneumatic-wheeled-continuous-handle-48-x-21-5","https://keypak.tbkdev.com/product/hand-truck-pneumatic-wheeled-continuous-handle-48-x-21-5/","identical_urls","","","WW.84076.8"
"/product/hand-truck-pneumatic-wheeled-p-handle-48-x-21-5","https://keypak.tbkdev.com/product/hand-truck-pneumatic-wheeled-p-handle-48-x-21-5/","identical_urls","","","WW.84077.8"
"/product/hand-truck-flat-free-continuous-handle-48-x-21-5","https://keypak.tbkdev.com/product/hand-truck-flat-free-continuous-handle-48-x-21-5/","identical_urls","","","WW.84079.8"
"/product/platform-truck-24-x-36","https://keypak.tbkdev.com/product/platform-truck-24-x-36/","identical_urls","","","WW.84087.8"
"/product/platform-truck-30-x-48","https://keypak.tbkdev.com/product/platform-truck-30-x-48/","identical_urls","","","WW.84088.8"
"/product/platform-truck-30-x-60","https://keypak.tbkdev.com/product/platform-truck-30-x-60/","identical_urls","","","WW.84089.8"
"/product/cap-tissue-20-x-30","https://keypak.tbkdev.com/product/cap-tissue-20-x-30/","identical_urls","","","KC.20301.0"
"/product/coated-vci-paper-48-x-600","https://keypak.tbkdev.com/product/coated-vci-paper-48-x-600/","identical_urls","","","KP.84800.0"
"/product/flammable-storage-cabinet-12-gallon","https://keypak.tbkdev.com/product/flammable-storage-cabinet-12-gallon/","identical_urls","","","FC.00642.0"
"/product/flammable-storage-cabinet-20-gallon","https://keypak.tbkdev.com/product/flammable-storage-cabinet-20-gallon/","identical_urls","","","FC.00646.0"
"/product/dry-erase-wipers-70-can","https://keypak.tbkdev.com/product/dry-erase-wipers-70-can/","identical_urls","","","WS.60120.0"
"/product/dry-erase-board-36-x-24","https://keypak.tbkdev.com/product/dry-erase-board-36-x-24/","identical_urls","","","WS.60132.0"
"/product/dry-erase-board-48-x-36","https://keypak.tbkdev.com/product/dry-erase-board-48-x-36/","identical_urls","","","WS.60143.0"
"/product/cork-board-48-x-36","https://keypak.tbkdev.com/product/cork-board-48-x-36/","identical_urls","","","WS.60243.1"
"/product/cork-board-72-x-48","https://keypak.tbkdev.com/product/cork-board-72-x-48/","identical_urls","","","WS.60264.1"
"/product/cork-board-96-x-48","https://keypak.tbkdev.com/product/cork-board-96-x-48/","identical_urls","","","WS.60284.1"
"/product/black-rubber-chock","https://keypak.tbkdev.com/product/black-rubber-chock/","identical_urls","","","WW.84006.9"
"/product/adjustable-double-strut-dock-light-60","https://keypak.tbkdev.com/product/adjustable-double-strut-dock-light-60/","identical_urls","","","WW.50624.9"
"/product/bench-weighing-scale","https://keypak.tbkdev.com/product/bench-weighing-scale/","identical_urls","","","WW.84180.8"
"/product/bench-counting-scale","https://keypak.tbkdev.com/product/bench-counting-scale/","identical_urls","","","WW.84190.8"
"/product/heavy-duty-floor-scale","https://keypak.tbkdev.com/product/heavy-duty-floor-scale/","identical_urls","","","WW.84196.8"
"/product/plastic-body-led-flashlight","https://keypak.tbkdev.com/product/plastic-body-led-flashlight/","identical_urls","","","WW.84259.8"
"/product/aa-industrial-batteries","https://keypak.tbkdev.com/product/aa-industrial-batteries/","identical_urls","","","WW.84272.8"
"/product/aaa-industrial-batteries","https://keypak.tbkdev.com/product/aaa-industrial-batteries/","identical_urls","","","WW.84273.8"
"/product/c-industrial-batteries","https://keypak.tbkdev.com/product/c-industrial-batteries/","identical_urls","","","WW.84274.8"
"/product/d-industrial-batteries","https://keypak.tbkdev.com/product/d-industrial-batteries/","identical_urls","","","WW.84275.8"
"/product/9v-industrial-batteries","https://keypak.tbkdev.com/product/9v-industrial-batteries/","identical_urls","","","WW.84276.8"
"/product/newsprint-sheets-50-lbs-bundle-18-x-24","https://keypak.tbkdev.com/product/newsprint-sheets-50-lbs-bundle-18-x-24/","identical_urls","","","KN.11824.3"
"/product/newsprint-sheets-50-lbs-bundle-24-x-36","https://keypak.tbkdev.com/product/newsprint-sheets-50-lbs-bundle-24-x-36/","identical_urls","","","KN.12436.0"
"/product/bubble-slit-24-perf-12-5-16-x-48-x-375","https://keypak.tbkdev.com/product/bubble-slit-24-perf-12-5-16-x-48-x-375/","identical_urls","","","BW.54842.8"
"/product/metal-dust-pan-5s-kit","https://keypak.tbkdev.com/product/metal-dust-pan-5s-kit/","identical_urls","","","WS.00390.0"
"/product/counter-brush-5s-kit","https://keypak.tbkdev.com/product/counter-brush-5s-kit/","identical_urls","","","WS.00391.0"
"/product/heat-sealer-repair-kit-32","https://keypak.tbkdev.com/product/heat-sealer-repair-kit-32/","identical_urls","","","MN.31322.9"
"/product/6-poly-tubing-dispenser","https://keypak.tbkdev.com/product/6-poly-tubing-dispenser/","identical_urls","","","MT.27206.0"
"/product/12-poly-tubing-dispenser","https://keypak.tbkdev.com/product/12-poly-tubing-dispenser/","identical_urls","","","MT.27212.0"
"/product/24-poly-tubing-dispenser","https://keypak.tbkdev.com/product/24-poly-tubing-dispenser/","identical_urls","","","MT.27224.0"
"/product/36-poly-tubing-dispenser","https://keypak.tbkdev.com/product/36-poly-tubing-dispenser/","identical_urls","","","MT.27236.0"
"/product/paper-twist-tie-1-8-x-4","https://keypak.tbkdev.com/product/paper-twist-tie-1-8-x-4/","identical_urls","","","WD.74320.9"
"/product/plastic-twist-tie-5-32-x-7","https://keypak.tbkdev.com/product/plastic-twist-tie-5-32-x-7/","identical_urls","","","WD.75320.9"
"/product/12lb-hardware-bag-250-bundle","https://keypak.tbkdev.com/product/12lb-hardware-bag-250-bundle/","identical_urls","","","NH.11200.3"
"/product/bale-tie-twister-spring-loaded","https://keypak.tbkdev.com/product/bale-tie-twister-spring-loaded/","identical_urls","","","WD.19200.9"
"/product/thermal-transfer-label-3-x-2","https://keypak.tbkdev.com/product/thermal-transfer-label-3-x-2/","identical_urls","","","LS.13020.9"
"/product/thermal-transfer-label-4-x-13","https://keypak.tbkdev.com/product/thermal-transfer-label-4-x-13/","identical_urls","","","LS.14013.0"
"/product/additional-parts-enclosed-label-3-x-5","https://keypak.tbkdev.com/product/additional-parts-enclosed-label-3-x-5/","identical_urls","","","LM.15492.0"
"/product/corner-board-cutter","https://keypak.tbkdev.com/product/corner-board-cutter/","identical_urls","","","EP.85825.0"
"/product/toronto-maple-leafs-mixing-glass-set-16oz","https://keypak.tbkdev.com/product/toronto-maple-leafs-mixing-glass-set-16oz/","identical_urls","","","GT.04054.0"
"/product/swiss-force-meister-multi-tool","https://keypak.tbkdev.com/product/swiss-force-meister-multi-tool/","identical_urls","","","GT.05281.0"
"/product/000-economy-kraft-bubble-mailer-4-x-8","https://keypak.tbkdev.com/product/000-economy-kraft-bubble-mailer-4-x-8/","identical_urls","","","BE.20000.5"
"/product/00-economy-kraft-bubble-mailer-5-x-10","https://keypak.tbkdev.com/product/00-economy-kraft-bubble-mailer-5-x-10/","identical_urls","","","BE.20010.5"
"/product/0-economy-kraft-bubble-mailer-6-x-10","https://keypak.tbkdev.com/product/0-economy-kraft-bubble-mailer-6-x-10/","identical_urls","","","BE.20100.5"
"/product/3-economy-kraft-bubble-mailer-8-5-x-14-5","https://keypak.tbkdev.com/product/3-economy-kraft-bubble-mailer-8-5-x-14-5/","identical_urls","","","BE.23000.5"
"/product/4-economy-kraft-bubble-mailer-9-5-x-14-5","https://keypak.tbkdev.com/product/4-economy-kraft-bubble-mailer-9-5-x-14-5/","identical_urls","","","BE.24000.5"
"/product/6-economy-kraft-bubble-mailer-12-5-x-19","https://keypak.tbkdev.com/product/6-economy-kraft-bubble-mailer-12-5-x-19/","identical_urls","","","BE.26000.5"
"/product/7-economy-kraft-bubble-mailer-14-5-x-20","https://keypak.tbkdev.com/product/7-economy-kraft-bubble-mailer-14-5-x-20/","identical_urls","","","BE.27000.5"
"/product/dirt-devil-flipout-16-volt-lithium-cordless-handheld-vacuum","https://keypak.tbkdev.com/product/dirt-devil-flipout-16-volt-lithium-cordless-handheld-vacuum/","identical_urls","","","GT.05003.0"
"/product/wood-grain-corkscrews","https://keypak.tbkdev.com/product/wood-grain-corkscrews/","identical_urls","","","GT.05298.0"
"/product/padpak-sr-machine","https://keypak.tbkdev.com/product/padpak-sr-machine/","identical_urls","","","KS.14935.0"
"/product/cascades-tandem-mechanical-no-touch-roll-towel-dispenser","https://keypak.tbkdev.com/product/cascades-tandem-mechanical-no-touch-roll-towel-dispenser/","identical_product","cascades-tandem-mechanical-no-touch-roll-towel-dispenser","cascades-tandem-mechanical-no-touch-roll-towel-dispenser",""
"/product/curby-mailer-9-875-x-9-5","https://keypak.tbkdev.com/product/curby-mailer-9-875-x-9-5/","identical_urls","","","BE.30010.5"
"/product/curby-mailer-11-875-x-18-5","https://keypak.tbkdev.com/product/curby-mailer-11-875-x-18-5/","identical_urls","","","BE.30030.5"
"/product/skb-2-safety-knife-blades","https://keypak.tbkdev.com/product/skb-2-safety-knife-blades/","identical_urls","","","TK.72202.2"
"/product/floor-brace","https://keypak.tbkdev.com/product/floor-brace/","identical_urls","","","BD.29925.0"
"/product/intermodal-wedge","https://keypak.tbkdev.com/product/intermodal-wedge/","identical_urls","","","BD.29926.0"
"/product/intermodal-strap","https://keypak.tbkdev.com/product/intermodal-strap/","identical_urls","","","BD.29927.0"
"/product/floor-brace-nails","https://keypak.tbkdev.com/product/floor-brace-nails/","identical_urls","","","BD.29928.0"
"/product/montreal-canadiens-mixing-glass-set-16oz","https://keypak.tbkdev.com/product/montreal-canadiens-mixing-glass-set-16oz/","identical_urls","","","GT.05303.0"
"/product/single-face-corrugated-roll-40-x-250","https://keypak.tbkdev.com/product/single-face-corrugated-roll-40-x-250/","identical_urls","","","CR.40100.4"
"/product/superior-touch-glove-small","https://keypak.tbkdev.com/product/superior-touch-glove-small/","identical_urls","","","JS.11250.0"
"/product/superior-touch-glove-medium","https://keypak.tbkdev.com/product/superior-touch-glove-medium/","identical_urls","","","JS.11251.0"
"/product/superior-touch-glove-large","https://keypak.tbkdev.com/product/superior-touch-glove-large/","identical_urls","","","JS.11252.0"
"/product/30lb-kraft-paper-12-x-900","https://keypak.tbkdev.com/product/30lb-kraft-paper-12-x-900/","identical_urls","","","KR.30220.0"
"/product/fragile-handle-with-care-label-3-x-5","https://keypak.tbkdev.com/product/fragile-handle-with-care-label-3-x-5/","identical_urls","","","LM.75446.0"
"/product/2-mil-poly-bag-30-x-24","https://keypak.tbkdev.com/product/2-mil-poly-bag-30-x-24/","identical_urls","","","MB.13024.9"
"/product/regular-garbage-bags-30-x-38-2","https://keypak.tbkdev.com/product/regular-garbage-bags-30-x-38-2/","identical_urls","","","MQ.30812.3"
"/product/single-tier-carton-rack","https://keypak.tbkdev.com/product/single-tier-carton-rack/","identical_urls","","","WW.00138.0"
"/product/trailer-stabilizing-jack","https://keypak.tbkdev.com/product/trailer-stabilizing-jack/","identical_urls","","","WW.84053.0"
"/product/msd22-2-semi-automatic-adjustable-2-tape-head","https://keypak.tbkdev.com/product/msd22-2-semi-automatic-adjustable-2-tape-head/","identical_urls","","","HM.30023.3"
"/product/bp-333-plus-manual-tape-dispenser","https://keypak.tbkdev.com/product/bp-333-plus-manual-tape-dispenser/","identical_urls","","","AK.91333.9"
"/product/windex-glass-cleaner-spray-946ml","https://keypak.tbkdev.com/product/windex-glass-cleaner-spray-946ml/","identical_urls","","","JA.39045.0"
"/product/prime-shopper-kraft-bag-7-x-3-5-x-8","https://keypak.tbkdev.com/product/prime-shopper-kraft-bag-7-x-3-5-x-8/","identical_urls","","","MP.10450.0"
"/product/vanity-shopper-kraft-bag-10-x-5-x-13","https://keypak.tbkdev.com/product/vanity-shopper-kraft-bag-10-x-5-x-13/","identical_urls","","","MP.10460.0"
"/product/fashion-shopper-kraft-bag-16-x-6-x-12","https://keypak.tbkdev.com/product/fashion-shopper-kraft-bag-16-x-6-x-12/","identical_urls","","","MP.10470.0"
"/product/v-air-solid-deodorizer-60-day-refill-cucumber-melon","https://keypak.tbkdev.com/product/v-air-solid-deodorizer-60-day-refill-cucumber-melon/","identical_urls","","","JA.14012.0"
"/product/v-air-solid-deodorizer-60-day-refill-citrus-mango","https://keypak.tbkdev.com/product/v-air-solid-deodorizer-60-day-refill-citrus-mango/","identical_urls","","","JA.14013.0"
"/product/sharper-image-massage-gun","https://keypak.tbkdev.com/product/sharper-image-massage-gun/","identical_urls","","","GT.85004.0"
"/product/durabubble-pouches-6-x-8","https://keypak.tbkdev.com/product/durabubble-pouches-6-x-8/","identical_urls","","","BE.31608.0"
"/product/durabubble-pouches-15-x-15","https://keypak.tbkdev.com/product/durabubble-pouches-15-x-15/","identical_urls","","","BE.31615.0"
"/product/durabubble-pouches-15-x-18","https://keypak.tbkdev.com/product/durabubble-pouches-15-x-18/","identical_urls","","","BE.31618.0"
"/product/polyfoam-slit-12-perf-12-1-32-x-72-x-2000","https://keypak.tbkdev.com/product/polyfoam-slit-12-perf-12-1-32-x-72-x-2000/","identical_urls","","","BP.17222.0"
"/product/polyfoam-perf-12-1-16-x-48-x-1250","https://keypak.tbkdev.com/product/polyfoam-perf-12-1-16-x-48-x-1250/","identical_urls","","","BP.24812.5"
"/product/anti-fatigue-mat-24-x-48-x-3-4","https://keypak.tbkdev.com/product/anti-fatigue-mat-24-x-48-x-3-4/","identical_urls","","","JS.53030.0"
"/product/anti-fatigue-mat-36-x-60-x-3-4","https://keypak.tbkdev.com/product/anti-fatigue-mat-36-x-60-x-3-4/","identical_urls","","","JS.53040.0"
"/product/pe-apron-28-x-46","https://keypak.tbkdev.com/product/pe-apron-28-x-46/","identical_urls","","","JS.66103.0"
"/product/bp500-electric-tape-dispenser","https://keypak.tbkdev.com/product/bp500-electric-tape-dispenser/","identical_urls","","","AK.93500.9"
"/product/bp555es-electric-tape-dispenser","https://keypak.tbkdev.com/product/bp555es-electric-tape-dispenser/","identical_urls","","","AK.93545.9"
"/product/multi-purpose-hand-towels-70-tub","https://keypak.tbkdev.com/product/multi-purpose-hand-towels-70-tub/","identical_urls","","","JA.55153.9"
"/product/ontario-regulation-first-aid-kit-refill-16-199-employees","https://keypak.tbkdev.com/product/ontario-regulation-first-aid-kit-refill-16-199-employees/","identical_urls","","","JS.81007.8"
"/product/outdoor-fire-pit","https://keypak.tbkdev.com/product/outdoor-fire-pit/","identical_urls","","","GT.85014.0"
"/product/honeywell-heatbud-heater","https://keypak.tbkdev.com/product/honeywell-heatbud-heater/","identical_urls","","","GT.85012.0"
"/product/grip-taper-battery-unit","https://keypak.tbkdev.com/product/grip-taper-battery-unit/","identical_urls","","","AK.10055.0"
"/product/eps-foam-sheet-96-x-24-x-1","https://keypak.tbkdev.com/product/eps-foam-sheet-96-x-24-x-1/","identical_urls","","","BP.00011.9"
"/product/eps-foam-sheet-96-x-24-x-1-5","https://keypak.tbkdev.com/product/eps-foam-sheet-96-x-24-x-1-5/","identical_urls","","","BP.00012.9"
"/product/fillpak-trident-mini","https://keypak.tbkdev.com/product/fillpak-trident-mini/","identical_urls","","","KS.24938.0"
"/product/coveralls-with-hood-small","https://keypak.tbkdev.com/product/coveralls-with-hood-small/","identical_urls","","","JS.42501.0"
"/product/coveralls-with-hood-medium","https://keypak.tbkdev.com/product/coveralls-with-hood-medium/","identical_urls","","","JS.42502.0"
"/product/coveralls-with-hood-large","https://keypak.tbkdev.com/product/coveralls-with-hood-large/","identical_urls","","","JS.42503.0"
"/product/curby-mailer-9-375-x-6-75","https://keypak.tbkdev.com/product/curby-mailer-9-375-x-6-75/","identical_urls","","","BE.30007.5"
"/product/curby-mailer-9-5-x-13-875","https://keypak.tbkdev.com/product/curby-mailer-9-5-x-13-875/","identical_urls","","","BE.30009.5"
"/product/4-mil-poly-bag-7-x-12","https://keypak.tbkdev.com/product/4-mil-poly-bag-7-x-12/","identical_urls","","","MD.40712.0"
"/product/4-mil-poly-bag-9-x-15","https://keypak.tbkdev.com/product/4-mil-poly-bag-9-x-15/","identical_urls","","","MD.40915.0"
"/product/4-mil-poly-bag-11-x-18","https://keypak.tbkdev.com/product/4-mil-poly-bag-11-x-18/","identical_urls","","","MD.41118.0"
"/product/quick-change-folding-knife","https://keypak.tbkdev.com/product/quick-change-folding-knife/","identical_urls","","","TK.50255.0"
"/product/heat-a-seat-heated-cushion","https://keypak.tbkdev.com/product/heat-a-seat-heated-cushion/","identical_urls","","","GT.89006.0"
"/product/portable-personal-blender","https://keypak.tbkdev.com/product/portable-personal-blender/","identical_urls","","","GT.89002.0"
"/product/39-piece-tool-set","https://keypak.tbkdev.com/product/39-piece-tool-set/","identical_urls","","","GT.84045.0"
"/product/cuisinart-5-in-1-griddler","https://keypak.tbkdev.com/product/cuisinart-5-in-1-griddler/","identical_urls","","","GT.88007.0"
"/product/ninja-cold-press-juicer","https://keypak.tbkdev.com/product/ninja-cold-press-juicer/","identical_urls","","","GT.88010.0"
